fold,date,close,directive,position_pct,conviction,agreement,trap_flagged,forecast_7d_pct,signal_to_noise,volatility_regime,sentiment,fear_greed,realised_7d_pct,forecast_correct,strategy_return_pct
covid_2020,2020-01-02,3257.85009765625,BUY,57.0,0.95,sentiment_neutral,False,0.7025718688964844,0.6503291298694205,low,-0.0778900533914566,87.3,0.9251479905699966,True,0.5273343546248981
covid_2020,2020-01-07,3237.179931640625,BUY,57.0,0.95,sentiment_neutral,False,0.5035281181335449,0.4395454008167127,low,0.1716407984495163,96.8,2.4300935990000383,True,1.3851533514300216
covid_2020,2020-01-10,3265.35009765625,BUY,47.2,0.786,sentiment_neutral,False,0.30094385147094727,0.25470580445936475,low,0.22824472188949585,98.0,1.712476804953944,True,0.8082890519382616
covid_2020,2020-01-15,3289.2900390625,BUY,42.1,0.701,sentiment_neutral,False,0.22922754287719727,0.20529489265684858,low,0.02424069680273533,99.8,-1.3978710992866183,False,-0.5885037327996664
covid_2020,2020-01-21,3320.7900390625,BUY,47.1,0.784,sentiment_neutral,False,0.30524730682373047,0.2537896394433123,low,-0.06765341013669968,99.1,-1.1244091006020085,False,-0.5295966863835461
covid_2020,2020-01-24,3295.469970703125,HOLD,0.0,0.5,sentiment_neutral,False,0.09338855743408203,0.06953910109087888,normal,-0.02539277821779251,96.5,0.06431360375103168,True,0.0
covid_2020,2020-01-29,3273.39990234375,HOLD,0.0,0.5,aligned,False,0.07761716842651367,0.045393454056062585,normal,0.44295477867126465,85.6,1.6455197744102534,True,0.0
covid_2020,2020-02-03,3248.919921875,HOLD,0.0,0.5,sentiment_neutral,False,0.10912418365478516,0.055266487279199576,normal,0.206939697265625,90.7,3.93903505358022,True,0.0
covid_2020,2020-02-06,3345.780029296875,HOLD,0.0,0.5,sentiment_neutral,False,0.12391805648803711,0.055923617604958134,normal,-0.1840338110923767,76.1,0.7298946654668015,True,0.0
covid_2020,2020-02-11,3357.75,HOLD,0.0,0.5,sentiment_neutral,False,0.008499622344970703,0.003832239671737962,normal,0.002642539096996188,70.3,-0.597417951898116,False,-0.0
covid_2020,2020-02-14,3380.159912109375,HOLD,0.0,0.5,sentiment_neutral,False,0.24700164794921875,0.1123635878023377,normal,-0.055628154426813126,67.5,-8.124777348200318,False,-0.0
covid_2020,2020-02-20,3373.22998046875,HOLD,0.0,0.5,conflicting,True,0.2227187156677246,0.10020461120867184,normal,-0.4075388014316559,54.6,-8.762522104464487,False,-0.0
covid_2020,2020-02-25,3128.2099609375,HOLD,0.0,0.5,sentiment_neutral,False,0.10231733322143555,0.02993448386431235,high,-0.20515571534633636,44.9,-3.390034601829406,False,-0.0
covid_2020,2020-02-28,2954.219970703125,HOLD,0.0,0.5,conflicting,True,0.2776145935058594,0.06678447077441212,high,-0.35239315032958984,20.2,-2.46703533997481,False,-0.0
covid_2020,2020-03-04,3130.1201171875,HOLD,0.0,0.5,sentiment_neutral,False,0.1508951187133789,0.026106037103184376,high,-0.0841917097568512,18.2,-14.374642486872347,False,-0.0
covid_2020,2020-03-09,2746.56005859375,HOLD,0.0,0.5,aligned,False,-0.01932978630065918,0.002606641079274037,high,-0.5019146800041199,10.9,-13.567244300518944,True,-0.0
covid_2020,2020-03-12,2480.639892578125,HOLD,0.0,0.5,aligned,False,-0.17548203468322754,0.017688400159023832,high,-0.4515925645828247,7.2,-10.32021143125128,True,-0.0
covid_2020,2020-03-17,2529.18994140625,HOLD,0.0,0.5,aligned,False,-0.34037232398986816,0.02392621360030118,high,-0.5016623735427856,1.2,3.9111417588409303,False,0.0
covid_2020,2020-03-20,2304.919921875,HOLD,0.0,0.5,aligned,False,-0.38442015647888184,0.02655804889877387,high,-0.3847328722476959,0.2,11.45209872433881,False,0.0
covid_2020,2020-03-25,2475.56005859375,HOLD,0.0,0.5,sentiment_neutral,False,-0.3482818603515625,0.022002462231392236,high,-0.12984120845794678,1.2,0.5273698812407801,False,0.0
covid_2020,2020-03-30,2626.64990234375,HOLD,0.0,0.5,sentiment_neutral,False,-0.21057724952697754,0.013007953215513977,high,-0.13086268305778503,4.2,4.588439899756569,False,0.0
covid_2020,2020-04-02,2526.89990234375,HOLD,0.0,0.5,sentiment_neutral,False,-0.1432657241821289,0.008925254577664096,high,0.19814474880695343,4.0,11.894238589313755,False,0.0
covid_2020,2020-04-07,2659.409912109375,HOLD,0.0,0.5,conflicting,True,-0.03895759582519531,0.002475619093702964,high,0.39600828289985657,10.1,7.779537881110787,False,0.0
covid_2020,2020-04-13,2761.6298828125,HOLD,0.0,0.5,sentiment_neutral,False,-0.089263916015625,0.0066731234552791325,high,-0.23019149899482727,13.5,1.355193649125841,False,0.0
covid_2020,2020-04-16,2799.550048828125,HOLD,0.0,0.5,sentiment_neutral,False,0.13576745986938477,0.013791038668113424,high,-0.24827224016189575,23.8,2.780366284015834,True,0.0
covid_2020,2020-04-21,2736.56005859375,HOLD,0.0,0.5,conflicting,True,0.24853944778442383,0.02610677236997796,high,-0.5400403141975403,23.6,6.228608220605114,True,0.0
covid_2020,2020-04-24,2836.739990234375,HOLD,0.0,0.5,sentiment_neutral,False,0.19844770431518555,0.02651245044256493,high,0.10319465398788452,32.4,1.1112805479124077,True,0.0
covid_2020,2020-04-29,2939.510009765625,HOLD,0.0,0.5,aligned,False,0.3305196762084961,0.04762511664752909,high,0.6859131455421448,55.7,-0.330872613612776,False,-0.0
covid_2020,2020-05-04,2842.739990234375,HOLD,0.0,0.5,sentiment_neutral,False,0.2723574638366699,0.04249534972021368,high,0.061426687985658646,56.2,-0.8031487410683269,False,-0.0
covid_2020,2020-05-07,2881.18994140625,HOLD,0.0,0.5,sentiment_neutral,False,0.30078887939453125,0.06173841810003534,high,0.027616629377007484,54.9,2.4926303813557205,True,0.0
covid_2020,2020-05-12,2870.1201171875,HOLD,0.0,0.5,sentiment_neutral,False,0.5932211875915527,0.12575679208891458,high,0.002539023756980896,61.2,2.6946079745450824,True,0.0
covid_2020,2020-05-15,2863.699951171875,BUY,48.6,0.81,aligned,False,0.7981300354003906,0.18112067549587235,normal,0.2891799509525299,68.2,5.846916156052373,True,2.8416012518414533
covid_2020,2020-05-20,2971.610107421875,BUY,43.1,0.718,sentiment_neutral,False,0.8869409561157227,0.21478242630095604,normal,0.11688950657844543,70.2,2.7914580594385896,True,1.2031184236180321
covid_2020,2020-05-26,2991.77001953125,BUY,46.3,0.772,sentiment_neutral,False,1.0084033012390137,0.24647497817623434,normal,0.041523151099681854,69.3,3.951290720742051,True,1.8294476037035696
covid_2020,2020-05-29,3044.31005859375,BUY,54.8,0.913,aligned,False,0.9211421012878418,0.24109083853223812,normal,0.2922699749469757,64.3,5.211773129743769,True,2.856051675099585
covid_2020,2020-06-03,3122.8701171875,BUY,51.6,0.861,sentiment_neutral,False,1.0010838508605957,0.29839801274105526,normal,0.1804361641407013,66.5,-2.646412540214804,False,-1.365548870750839
covid_2020,2020-06-08,3232.389892578125,HOLD,0.0,0.5,conflicting,True,0.9891748428344727,0.2838040114342262,normal,-0.26810479164123535,66.8,-3.747748809372453,False,-0.0
covid_2020,2020-06-11,3002.10009765625,BUY,19.8,0.661,sentiment_neutral,False,0.8968591690063477,0.18152431287173462,high,0.013993906788527966,59.4,3.7834827192254394,True,0.7491295784066371
covid_2020,2020-06-16,3124.739990234375,BUY,42.2,0.703,sentiment_neutral,False,0.9826540946960449,0.2065283886454922,normal,0.08354075998067856,54.1,-1.320144177380378,False,-0.5571008428545196
covid_2020,2020-06-19,3097.739990234375,BUY,39.2,0.654,sentiment_neutral,False,0.8191823959350586,0.17749472187127788,normal,0.06510519981384277,55.0,0.08228578951552379,True,0.032256029490085325
covid_2020,2020-06-24,3050.330078125,BUY,40.0,0.666,sentiment_neutral,False,0.8882045745849609,0.1846902724903327,normal,-0.13180069625377655,65.2,4.154332628752577,True,1.661733051501031
covid_2020,2020-06-29,3053.239990234375,HOLD,0.0,0.5,sentiment_neutral,False,0.873410701751709,0.16993686922540358,high,0.16368362307548523,57.4,3.1849731638198264,True,0.0
covid_2020,2020-07-02,3130.010009765625,HOLD,0.0,0.5,sentiment_neutral,False,0.8513927459716797,0.16546981242343198,high,0.19616161286830902,64.9,2.133931289104396,True,0.0
covid_2020,2020-07-08,3169.93994140625,HOLD,0.0,0.5,sentiment_neutral,False,0.8384466171264648,0.16833226429078052,normal,0.12974604964256287,64.9,1.7136577974916634,True,0.0
covid_2020,2020-07-13,3155.219970703125,HOLD,0.0,0.5,conflicting,True,0.8573055267333984,0.25725171146577364,normal,-0.38595283031463623,69.6,3.7571062076899864,True,0.0
covid_2020,2020-07-16,3215.570068359375,BUY,46.0,0.766,sentiment_neutral,False,0.7897496223449707,0.24302552543465686,normal,0.057980015873909,76.7,0.7386530156717086,True,0.33978038720898596
covid_2020,2020-07-21,3257.300048828125,BUY,43.5,0.726,sentiment_neutral,False,0.7086873054504395,0.21950373346406377,normal,0.1030479446053505,77.9,-0.34074128509260504,False,-0.1482224590152832
covid_2020,2020-07-24,3215.6298828125,BUY,46.3,0.771,sentiment_neutral,False,0.7072567939758301,0.24625358440654496,normal,-0.12250053882598877,82.6,2.786999692379233,True,1.2903808575715847
covid_2020,2020-07-29,3258.43994140625,HOLD,0.0,0.5,conflicting,True,0.5099654197692871,0.2242255407299243,normal,-0.5226827263832092,68.5,2.809383589535308,True,0.0
covid_2020,2020-08-03,3294.610107421875,BUY,57.0,0.95,aligned,False,0.5771517753601074,0.26427420523190037,normal,0.48081275820732117,75.3,2.5691450917900482,True,1.4644127023203273
covid_2020,2020-08-06,3349.159912109375,BUY,57.0,0.95,sentiment_neutral,False,0.7967472076416016,0.4036359811121761,normal,-0.08971858024597168,68.5,0.9754748870573593,True,0.5560206856226948
covid_2020,2020-08-11,3333.68994140625,BUY,53.1,0.885,sentiment_neutral,False,0.5541324615478516,0.3127193030795078,normal,0.21215538680553436,86.4,1.5424781571582002,True,0.8190559014510044
covid_2020,2020-08-14,3372.85009765625,HOLD,0.0,0.5,conflicting,True,0.4127979278564453,0.22249164803636404,normal,-0.4452489912509918,73.4,2.0765164443819373,True,0.0
covid_2020,2020-08-19,3374.85009765625,BUY,41.9,0.698,sentiment_neutral,False,0.3734111785888672,0.20311566021638355,normal,-0.048466283828020096,71.3,3.8698020087982954,True,1.6214470416864857
covid_2020,2020-08-24,3431.280029296875,BUY,43.5,0.726,sentiment_neutral,False,0.34525394439697266,0.21957261861107366,normal,0.07206413149833679,74.3,4.266405636082915,True,1.855886451696068
covid_2020,2020-08-27,3484.550048828125,BUY,45.7,0.761,sentiment_neutral,False,0.3245353698730469,0.24022394337180475,normal,0.10683906078338623,70.8,-4.48141947442906,False,-2.0480086998140807
covid_2020,2020-09-01,3526.64990234375,BUY,57.0,0.95,sentiment_neutral,False,0.5580544471740723,0.4023699724878166,normal,0.17469124495983124,64.7,-5.4087208944185505,False,-3.0829709098185734
covid_2020,2020-09-04,3426.9599609375,HOLD,0.0,0.5,conflicting,True,0.7118344306945801,0.25002099728550525,normal,-0.45769548416137695,56.2,-1.217491012822336,False,-0.0
covid_2020,2020-09-10,3339.18994140625,HOLD,0.0,0.5,sentiment_neutral,False,0.44242143630981445,0.1239547846370061,normal,-0.0639183297753334,31.7,-1.756168628222099,False,-0.0
covid_2020,2020-09-15,3401.199951171875,HOLD,0.0,0.5,sentiment_neutral,False,0.5064845085144043,0.13830950711247267,normal,0.04666399955749512,55.8,-4.652305435720017,False,-0.0
covid_2020,2020-09-18,3319.469970703125,HOLD,0.0,0.5,sentiment_neutral,False,0.559389591217041,0.14937360082260617,normal,-0.10244397073984146,59.3,0.48084673849313475,True,0.0
covid_2020,2020-09-23,3236.919921875,HOLD,0.0,0.5,sentiment_neutral,False,0.3109931945800781,0.07785344965115892,normal,-0.22551803290843964,31.1,3.386633319453125,True,0.0
covid_2020,2020-09-28,3351.60009765625,HOLD,0.0,0.5,aligned,False,0.38889646530151367,0.09263747150772272,normal,0.44239410758018494,37.5,2.0038904947478287,True,0.0
covid_2020,2020-10-01,3380.800048828125,HOLD,0.0,0.5,sentiment_neutral,False,0.427091121673584,0.10434287610194537,normal,-0.13805662095546722,32.5,4.438023375319489,True,0.0
covid_2020,2020-10-06,3360.969970703125,HOLD,0.0,0.5,conflicting,True,0.343477725982666,0.10036128809054698,normal,-0.5715133547782898,52.6,3.5762014776752338,True,0.0
covid_2020,2020-10-09,3477.139892578125,HOLD,0.0,0.5,aligned,False,0.4006385803222656,0.12411645443503445,normal,0.8289687037467957,76.6,-0.983201480742224,False,-0.0
covid_2020,2020-10-14,3488.669921875,HOLD,0.0,0.5,sentiment_neutral,False,0.30957460403442383,0.09306588075672542,normal,-0.06180452182888985,55.9,-0.6695402940213313,False,-0.0
covid_2020,2020-10-19,3426.919921875,HOLD,0.0,0.5,sentiment_neutral,False,0.16349554061889648,0.05007102556965116,normal,-0.07933393120765686,44.5,-4.655694681203393,False,-0.0
covid_2020,2020-10-22,3453.489990234375,HOLD,0.0,0.5,sentiment_neutral,False,0.1315593719482422,0.04666672750418142,normal,-0.05795421078801155,63.7,-4.23646197386276,False,-0.0
covid_2020,2020-10-27,3390.679931640625,HOLD,0.0,0.5,sentiment_neutral,False,0.04099607467651367,0.014473372212821469,normal,0.13219112157821655,54.9,3.4713749392622617,True,0.0
covid_2020,2020-10-30,3269.9599609375,HOLD,0.0,0.5,sentiment_neutral,False,-0.03275275230407715,0.009049316727207506,normal,0.0004031956195831299,36.6,8.090992294656552,False,0.0
covid_2020,2020-11-04,3443.43994140625,HOLD,0.0,0.5,sentiment_neutral,False,0.08678436279296875,0.02348878632953521,normal,0.07487045228481293,51.2,4.032933223902013,True,0.0
covid_2020,2020-11-09,3550.5,HOLD,0.0,0.5,sentiment_neutral,False,0.0760793685913086,0.020311540731885937,normal,0.18014924228191376,38.8,0.48579287920524905,True,0.0
covid_2020,2020-11-12,3537.010009765625,HOLD,0.0,0.5,sentiment_neutral,False,0.07045269012451172,0.01865449007595223,normal,-0.00219065323472023,53.8,1.1407673696661291,True,0.0
covid_2020,2020-11-17,3609.530029296875,HOLD,0.0,0.5,sentiment_neutral,False,0.1381397247314453,0.0368301732709661,normal,0.1317969113588333,80.8,0.7952730936606756,True,0.0
covid_2020,2020-11-20,3557.5400390625,HOLD,0.0,0.5,sentiment_neutral,False,0.191497802734375,0.049582022842538334,normal,0.11367147415876389,83.0,3.08525678194993,True,0.0
covid_2020,2020-11-25,3629.64990234375,BUY,45.3,0.756,sentiment_neutral,False,0.6721138954162598,0.2370845296669895,normal,0.03129150718450546,94.0,1.702127377505569,True,0.7710637020100227
covid_2020,2020-12-01,3662.449951171875,BUY,53.7,0.895,sentiment_neutral,False,0.8484482765197754,0.3186733221027208,normal,-0.03419996425509453,97.9,0.15415344184592783,True,0.08278039827126325
covid_2020,2020-12-04,3699.1201171875,BUY,54.6,0.909,sentiment_neutral,False,0.693047046661377,0.32677811195564865,normal,0.13039030134677887,99.0,-0.12172460521977513,False,-0.06646163444999723
covid_2020,2020-12-09,3672.820068359375,BUY,56.4,0.941,sentiment_neutral,False,0.7358431816101074,0.3451701099335588,normal,0.2229699343442917,99.7,0.9913032642225872,True,0.5590950410215392
covid_2020,2020-12-14,3647.489990234375,BUY,57.0,0.95,sentiment_neutral,False,0.9291768074035645,0.4936054958662103,low,-0.045621588826179504,96.5,1.1589913592514378,True,0.6606250747733194
covid_2020,2020-12-17,3722.47998046875,BUY,57.0,0.95,aligned,False,0.8311629295349121,0.48564093631736016,low,0.3770618438720703,99.0,0.12242558316089003,True,0.06978258240170732
bull_2021,2021-01-04,3700.64990234375,BUY,57.0,0.95,sentiment_neutral,False,0.9451746940612793,0.5644857688948691,low,-0.13638538122177124,92.4,2.9078763067778013,True,1.6574894948633465
bull_2021,2021-01-07,3803.7900390625,BUY,57.0,0.95,sentiment_neutral,False,0.6760478019714355,0.36344107441192547,low,0.0707167461514473,84.6,-0.12837880370693,False,-0.0731759181129501
bull_2021,2021-01-12,3801.18994140625,HOLD,0.0,0.5,conflicting,True,0.6064295768737793,0.3304483433360502,low,-0.4107857644557953,69.0,1.054093803035272,True,0.0
bull_2021,2021-01-15,3768.25,BUY,57.0,0.95,sentiment_neutral,False,0.6628513336181641,0.37447586768688357,low,-0.19484619796276093,50.2,-0.464954526358774,False,-0.2650240800245012
bull_2021,2021-01-21,3853.070068359375,BUY,57.0,0.95,sentiment_neutral,False,0.7471799850463867,0.39415392924066556,low,0.2009432464838028,47.2,-2.0771872078528375,False,-1.1839967084761174
bull_2021,2021-01-26,3849.6201171875,BUY,57.0,0.95,sentiment_neutral,False,0.7409334182739258,0.38700724157151145,low,-0.1378297060728073,39.9,0.5729543306124185,True,0.3265839684490785
bull_2021,2021-01-29,3714.239990234375,BUY,45.1,0.751,sentiment_neutral,False,0.6579279899597168,0.23441367889209339,normal,0.23857994377613068,39.3,5.16778189705871,True,2.330669635573478
bull_2021,2021-02-03,3830.169921875,HOLD,0.0,0.5,conflicting,True,0.9466886520385742,0.32990344160381235,normal,-0.28064826130867004,53.7,2.695853052461139,True,0.0
bull_2021,2021-02-08,3915.590087890625,BUY,47.4,0.791,sentiment_neutral,False,0.7249355316162109,0.2575017415389389,normal,0.0087809469550848,57.0,-0.0413846294938125,False,-0.019616314380067123
bull_2021,2021-02-11,3916.3798828125,BUY,46.5,0.776,sentiment_neutral,False,0.691378116607666,0.24877743256031357,normal,0.18524014949798584,68.2,-0.8979513543263096,False,-0.41754737976173395
bull_2021,2021-02-17,3931.330078125,BUY,49.8,0.829,sentiment_neutral,False,0.7537961006164551,0.2800616776554561,normal,0.18365716934204102,80.7,-3.10468556520771,False,-1.5461334114734395
bull_2021,2021-02-22,3876.5,BUY,52.0,0.867,sentiment_neutral,False,0.8000731468200684,0.30212247668271613,normal,0.06973076611757278,61.6,-1.4755570844075194,False,-0.7672896838919101
bull_2021,2021-02-25,3829.340087890625,BUY,57.0,0.95,sentiment_neutral,False,1.1882781982421875,0.44477332592721686,normal,-0.1133246123790741,90.3,-0.2088698652121579,False,-0.11905582317092998
bull_2021,2021-03-02,3870.2900390625,BUY,57.0,0.95,sentiment_neutral,False,1.075756549835205,0.41315513804085896,normal,0.06338918209075928,88.7,1.7683769171068064,True,1.0079748427508797
bull_2021,2021-03-05,3841.93994140625,BUY,56.4,0.94,sentiment_neutral,False,1.001882553100586,0.3449854211130897,normal,-0.24765531718730927,92.5,3.095069267989814,True,1.7456190671462548
bull_2021,2021-03-10,3898.81005859375,BUY,46.4,0.773,sentiment_neutral,False,0.7473230361938477,0.24705812730999602,normal,-0.029350221157073975,87.3,0.36585302994627256,True,0.16975580589507044
bull_2021,2021-03-15,3968.93994140625,HOLD,0.0,0.5,aligned,False,0.35278797149658203,0.11387251126702568,normal,0.254900187253952,92.2,-2.031101588947948,False,-0.0
bull_2021,2021-03-18,3915.4599609375,HOLD,0.0,0.5,sentiment_neutral,False,0.563812255859375,0.17489454296215076,normal,-0.0175173282623291,91.3,1.4107828969963876,True,0.0
bull_2021,2021-03-23,3910.52001953125,HOLD,0.0,0.5,sentiment_neutral,False,0.1342177391052246,0.04134245589943464,normal,-0.028339233249425888,77.5,2.757923047515476,True,0.0
bull_2021,2021-03-26,3974.5400390625,HOLD,0.0,0.5,sentiment_neutral,False,0.49571990966796875,0.16881094484018405,normal,0.1242850199341774,49.9,2.617569350361215,True,0.0
bull_2021,2021-03-31,3972.889892578125,BUY,50.1,0.835,sentiment_neutral,False,0.6848692893981934,0.2835378731024025,normal,0.061490338295698166,46.4,3.829689994876695,True,1.9186746874332241
bull_2021,2021-04-06,4073.93994140625,BUY,57.0,0.95,aligned,False,0.5771875381469727,0.27263462969370544,normal,0.3859865665435791,58.1,2.340615565709925,True,1.334150872454657
bull_2021,2021-04-09,4128.7998046875,BUY,53.3,0.888,sentiment_neutral,False,0.61798095703125,0.31428247483594896,low,0.1898881494998932,73.7,0.14860433743937307,True,0.07920611185518583
bull_2021,2021-04-14,4124.66015625,BUY,57.0,0.95,sentiment_neutral,False,0.9003520011901855,0.4552117101253597,normal,0.2305193543434143,81.1,1.3368266847631816,True,0.7619912103150134
bull_2021,2021-04-19,4163.259765625,BUY,57.0,0.95,sentiment_neutral,False,0.7981061935424805,0.442420694817671,low,-0.07615188509225845,82.1,0.47733999454937504,True,0.27208379689314377
bull_2021,2021-04-22,4134.97998046875,BUY,57.0,0.95,aligned,False,1.1401772499084473,0.6038434064886093,low,0.5131314396858215,90.4,1.3852927660368053,True,0.7896168766409789
bull_2021,2021-04-27,4186.72021484375,BUY,57.0,0.95,aligned,False,0.9435415267944336,0.5373114723465966,low,0.3504214882850647,97.0,0.35525306375969734,True,0.20249424634302746
bull_2021,2021-04-30,4181.169921875,BUY,57.0,0.95,sentiment_neutral,False,0.8252739906311035,0.47012671740710626,low,0.012784731574356556,89.3,-0.6976839120321543,False,-0.3976798298583279
bull_2021,2021-05-05,4167.58984375,BUY,57.0,0.95,sentiment_neutral,False,0.7730007171630859,0.46957764755222836,low,0.13194376230239868,92.3,0.15010010563134557,True,0.08555706020986696
bull_2021,2021-05-10,4188.43017578125,BUY,54.4,0.907,sentiment_neutral,False,0.5925416946411133,0.32526392456058567,low,-0.1745757758617401,68.4,-1.7521891737739992,False,-0.9531909105330556
bull_2021,2021-05-13,4112.5,BUY,51.8,0.863,sentiment_neutral,False,0.691831111907959,0.29987585957568924,normal,-0.09734291583299637,56.8,2.0350734924722502,True,1.0541680691006257
bull_2021,2021-05-18,4127.830078125,BUY,57.0,0.95,sentiment_neutral,False,1.0135173797607422,0.4091790136632705,normal,-0.1276922971010208,50.8,1.7542135168739037,True,0.999901704618125
bull_2021,2021-05-21,4155.85986328125,HOLD,0.0,0.5,conflicting,True,1.1469841003417969,0.48893556659631277,normal,-0.2958464026451111,28.4,1.2496666452019412,True,0.0
bull_2021,2021-05-26,4195.990234375,BUY,57.0,0.95,sentiment_neutral,False,1.0520339012145996,0.43380732361593993,normal,-0.0836142748594284,17.0,0.7249600878566298,True,0.41322725007827893
bull_2021,2021-06-01,4202.0400390625,BUY,56.0,0.933,sentiment_neutral,False,0.7994532585144043,0.3407993494289531,normal,0.15866370499134064,24.5,0.8799764829735324,True,0.4927868304651782
bull_2021,2021-06-04,4229.89013671875,BUY,54.9,0.915,sentiment_neutral,False,0.7695198059082031,0.33035441507219543,normal,0.07571499794721603,34.9,0.3940250829534975,True,0.21631977054147009
bull_2021,2021-06-09,4219.5498046875,BUY,57.0,0.95,aligned,False,0.8257746696472168,0.38852834610682835,normal,0.2960260212421417,62.0,-1.2664039837851249,False,-0.7218502707575211
bull_2021,2021-06-14,4255.14990234375,BUY,57.0,0.95,sentiment_neutral,False,1.0396838188171387,0.8425481394546336,low,0.05276587978005409,80.6,-0.31328905595984224,False,-0.17857476189711005
bull_2021,2021-06-17,4221.85986328125,BUY,57.0,0.95,sentiment_neutral,False,0.8470654487609863,0.7517165620707015,low,-0.24274976551532745,63.4,1.6153125256453293,True,0.9207281396178376
bull_2021,2021-06-22,4246.43994140625,BUY,57.0,0.95,sentiment_neutral,False,0.7676959037780762,0.5363176547799856,low,0.052876703441143036,79.5,1.7160528650276063,True,0.9781501330657355
bull_2021,2021-06-25,4280.7001953125,BUY,54.4,0.907,sentiment_neutral,False,0.4765510559082031,0.3255320285947504,low,-0.0862378180027008,63.5,1.792644613665395,True,0.975198669833975
bull_2021,2021-06-30,4297.5,BUY,57.0,0.95,aligned,False,0.6301164627075195,0.43047353098177993,low,0.250110387802124,81.8,2.007175869903932,True,1.1440902458452413
bull_2021,2021-07-06,4343.5400390625,BUY,57.0,0.95,aligned,False,0.6826162338256836,0.4743021922769555,low,0.8369067907333374,97.6,0.3789195963673109,True,0.21598416992936717
bull_2021,2021-07-09,4369.5498046875,HOLD,0.0,0.5,conflicting,True,0.6844401359558105,0.4146160128750723,low,-0.9156520366668701,78.4,-1.0696485884846396,False,-0.0
bull_2021,2021-07-14,4374.2998046875,BUY,57.0,0.95,sentiment_neutral,False,0.6821513175964355,0.40870137706294274,low,-0.17878977954387665,74.3,0.8534049292899581,True,0.4864408096952761
bull_2021,2021-07-19,4258.490234375,BUY,57.0,0.95,sentiment_neutral,False,0.833594799041748,0.45878791884308107,normal,-0.14552493393421173,84.4,3.2835323571440256,True,1.8716134435720944
bull_2021,2021-07-22,4367.47998046875,BUY,57.0,0.95,sentiment_neutral,False,0.7218122482299805,0.38489749357144487,normal,-0.13737457990646362,88.1,0.4495949262205201,True,0.25626910794569646
bull_2021,2021-07-27,4401.4599609375,BUY,57.0,0.95,aligned,False,0.7093906402587891,0.36161799739313044,normal,0.3624364733695984,93.2,0.6260130003440167,True,0.3568274101960895
bull_2021,2021-07-30,4395.259765625,BUY,53.1,0.886,sentiment_neutral,False,0.6245136260986328,0.3130513709536479,normal,-0.07364238798618317,58.8,0.9395492235418246,True,0.49890063770070886
bull_2021,2021-08-04,4402.66015625,BUY,57.0,0.95,sentiment_neutral,False,0.7700204849243164,0.38068640065269294,normal,-0.09079653769731522,25.8,1.4731942002274678,True,0.8397206941296566
bull_2021,2021-08-09,4432.35009765625,BUY,57.0,0.95,aligned,False,0.7819056510925293,0.4206567028602704,normal,0.25811341404914856,46.8,-0.726403236211759,False,-0.41404984464070255
bull_2021,2021-08-12,4460.830078125,BUY,57.0,0.95,sentiment_neutral,False,0.9605884552001953,0.5238077562279506,normal,0.0,62.2,0.41832173618363555,True,0.23844338962467224
bull_2021,2021-08-17,4448.080078125,BUY,57.0,0.95,sentiment_neutral,False,0.9845256805419922,0.7930567890332564,low,-0.1118878424167633,45.3,0.49158486636660115,True,0.28020337382896265
bull_2021,2021-08-20,4441.669921875,HOLD,0.0,0.5,conflicting,True,0.9945154190063477,0.7578240038026707,low,-0.4873054325580597,28.0,1.8074363093456114,True,0.0
bull_2021,2021-08-25,4496.18994140625,BUY,57.0,0.95,sentiment_neutral,False,0.8698701858520508,0.6422932489564074,low,0.046231500804424286,33.4,0.8689577458007136,True,0.4953059151064067
bull_2021,2021-08-30,4528.7900390625,BUY,57.0,0.95,sentiment_neutral,False,0.7453203201293945,0.5238104241158947,low,-0.011722421273589134,43.8,-0.7871904777855931,False,-0.44869857233778804
bull_2021,2021-09-02,4536.9501953125,HOLD,0.0,0.5,conflicting,True,0.48296451568603516,0.37225338682805165,low,-0.425523042678833,29.6,-2.091398958348556,False,-0.0
bull_2021,2021-09-08,4514.06982421875,BUY,57.0,0.95,sentiment_neutral,False,0.5164384841918945,0.38849191025742363,low,-0.040302615612745285,27.4,-1.8124793822650531,False,-1.0331132478910803
bull_2021,2021-09-13,4468.72998046875,BUY,57.0,0.95,aligned,False,1.0371208190917969,0.7221498247408956,low,0.794707715511322,25.8,-1.6491075893451779,False,-0.9399913259267513
bull_2021,2021-09-16,4473.75,HOLD,0.0,0.5,conflicting,True,0.8122444152832031,0.6113603603624045,low,-0.6237949132919312,20.2,-0.687243217539546,False,-0.0
bull_2021,2021-09-21,4354.18994140625,HOLD,0.0,0.5,conflicting,True,0.8219242095947266,0.5152027902636782,normal,-0.7631257176399231,12.8,-1.0771601863293512,False,-0.0
bull_2021,2021-09-24,4455.47998046875,HOLD,0.0,0.5,sentiment_neutral,False,0.28117895126342773,0.1521774724175129,normal,-0.1869059056043625,8.2,-2.4943292705520648,False,-0.0
bull_2021,2021-09-29,4359.4599609375,BUY,45.4,0.757,sentiment_neutral,False,0.4987478256225586,0.23760403115963621,normal,-0.1495794951915741,8.4,0.7286196590545302,True,0.33079332521075666
bull_2021,2021-10-04,4300.4599609375,HOLD,0.0,0.5,conflicting,True,1.1793971061706543,0.4921638915509678,normal,-0.32667165994644165,7.6,1.4621208010206388,True,0.0
bull_2021,2021-10-07,4399.759765625,BUY,57.0,0.95,sentiment_neutral,False,1.2923598289489746,0.49662167061545714,normal,0.10323762893676758,7.8,1.9514022661621055,True,1.1122992917124002
bull_2021,2021-10-12,4350.64990234375,BUY,57.0,0.95,sentiment_neutral,False,1.30157470703125,0.5059011096989677,normal,-0.12729410827159882,6.5,4.475359614609253,True,2.5509549803272744
bull_2021,2021-10-15,4471.3701171875,BUY,54.8,0.913,sentiment_neutral,False,0.8940577507019043,0.32868955470950306,normal,0.11827795952558517,13.9,2.286592900139439,True,1.2530529092764124
bull_2021,2021-10-20,4536.18994140625,BUY,56.9,0.948,sentiment_neutral,False,0.8632421493530273,0.3492987253970987,normal,0.09322655946016312,43.4,1.513772010159009,True,0.8613362737804761
bull_2021,2021-10-25,4566.47998046875,BUY,55.6,0.927,sentiment_neutral,False,0.8046388626098633,0.337041769123021,normal,0.0005399634246714413,55.0,2.039505739621994,True,1.1339651912298288
bull_2021,2021-10-28,4596.419921875,BUY,54.5,0.908,sentiment_neutral,False,0.6030797958374023,0.3259562623289985,normal,0.05682935565710068,63.9,2.2646464359700857,True,1.2342323076036967
bull_2021,2021-11-02,4630.64990234375,BUY,42.7,0.712,sentiment_neutral,False,0.30084848403930664,0.21179287690400497,low,-0.13445371389389038,81.9,0.40129963044215344,True,0.17135494219879954
bull_2021,2021-11-05,4697.52978515625,HOLD,0.0,0.5,sentiment_neutral,False,0.21442174911499023,0.15700885402621442,low,0.1353805959224701,91.0,0.07171660466696039,True,0.0
bull_2021,2021-11-10,4646.7099609375,HOLD,0.0,0.5,sentiment_neutral,False,0.22445917129516602,0.1569769078259482,low,-0.24508726596832275,84.5,1.0968929728516486,True,0.0
bull_2021,2021-11-15,4682.7998046875,HOLD,0.0,0.5,aligned,False,-0.1894533634185791,0.16455861051378892,low,-0.2742692530155182,56.2,0.3976910552315971,False,0.0
bull_2021,2021-11-18,4704.5400390625,HOLD,0.0,0.5,sentiment_neutral,False,-0.0218808650970459,0.019212646966573047,low,-0.017535638064146042,34.3,-2.9671474026432776,True,-0.0
bull_2021,2021-11-23,4690.7001953125,HOLD,0.0,0.5,sentiment_neutral,False,-0.1346886157989502,0.11618739653593171,low,0.06130729243159294,47.7,-3.3000690691316947,True,-0.0
bull_2021,2021-11-29,4655.27001953125,BUY,49.9,0.832,sentiment_neutral,False,0.5325794219970703,0.28161493434573437,normal,-0.21145129203796387,29.2,0.9819998691037668,True,0.49001793468277965
bull_2021,2021-12-02,4577.10009765625,HOLD,0.0,0.5,sentiment_neutral,False,0.3249645233154297,0.13349463593006736,normal,-0.19345271587371826,22.2,1.9872905483678593,True,0.0
bull_2021,2021-12-07,4686.75,BUY,26.8,0.892,aligned,False,0.6551027297973633,0.22905412049146964,high,0.2755920886993408,24.1,-0.38651606843664865,False,-0.10358630634102184
bull_2021,2021-12-10,4712.02001953125,BUY,28.5,0.95,aligned,False,1.0940313339233398,0.37725413146648873,high,0.35450729727745056,42.5,-1.3415084678753075,False,-0.3823299133444626
bull_2021,2021-12-15,4709.85009765625,HOLD,0.0,0.5,conflicting,True,1.175689697265625,0.3778213330796481,high,-0.4426319897174835,52.9,1.7122721454757794,True,0.0
bull_2021,2021-12-20,4568.02001953125,BUY,28.5,0.95,sentiment_neutral,False,1.2671470642089844,0.3887262297237046,high,-0.08861567080020905,60.1,4.509496183424666,True,1.2852064122760298
bear_2022,2022-01-03,4796.56005859375,BUY,28.5,0.95,sentiment_neutral,False,1.495051383972168,0.5544881314121503,high,0.025204071775078773,83.8,-1.4745751449694922,False,-0.4202539163163052
bear_2022,2022-01-06,4696.0498046875,BUY,57.0,0.95,sentiment_neutral,False,2.0601272583007812,0.7695049887883505,normal,-0.08994351327419281,82.9,-2.5653923515626786,False,-1.4622736403907266
bear_2022,2022-01-11,4713.06982421875,BUY,57.0,0.95,sentiment_neutral,False,1.9940972328186035,0.7708712209125491,normal,-0.014004315249621868,46.0,-6.920322691857805,False,-3.9445839343589486
bear_2022,2022-01-14,4662.85009765625,BUY,57.0,0.95,sentiment_neutral,False,2.098572254180908,0.8540849381441228,normal,0.027739480137825012,61.4,-6.946707669291818,False,-3.959623371496336
bear_2022,2022-01-20,4482.72998046875,HOLD,0.0,0.5,conflicting,True,3.32028865814209,1.3735438686070107,normal,-0.288810133934021,34.3,0.7294720888632256,True,0.0
bear_2022,2022-01-25,4356.4501953125,BUY,57.0,0.95,sentiment_neutral,False,2.727675437927246,1.204275889283478,normal,-0.2403232306241989,23.2,2.7393891088385303,True,1.561451792037962
bear_2022,2022-01-28,4431.85009765625,BUY,28.5,0.95,sentiment_neutral,False,1.0419964790344238,0.36945405897322253,high,-0.14404474198818207,18.2,2.003552627817484,True,0.571012498927983
bear_2022,2022-02-02,4589.3798828125,HOLD,0.0,0.5,sentiment_neutral,False,-0.2724289894104004,0.08504272170958983,high,-0.1365181803703308,13.5,-3.79129257853279,True,-0.0
bear_2022,2022-02-07,4483.8701171875,BUY,25.1,0.839,sentiment_neutral,False,0.9556889533996582,0.28555494872454307,high,0.05345941707491875,16.0,-0.19780049665243382,False,-0.04964792465976089
bear_2022,2022-02-10,4504.080078125,BUY,28.5,0.95,sentiment_neutral,False,2.0056724548339844,0.5560045564219652,high,-0.10650914162397385,15.1,-4.5262337263185515,False,-1.2899766120007872
bear_2022,2022-02-15,4471.06982421875,HOLD,0.0,0.5,conflicting,True,2.5357484817504883,0.6871826769880671,high,-0.26769116520881653,12.9,-1.9517931460333315,False,-0.0
bear_2022,2022-02-18,4348.8701171875,BUY,28.5,0.95,sentiment_neutral,False,2.955019474029541,0.8063856192547116,high,-0.19409723579883575,14.2,0.8624702151097452,True,0.24580401130627735
bear_2022,2022-02-24,4288.7001953125,BUY,28.5,0.95,sentiment_neutral,False,3.0555248260498047,0.7813348738609867,high,0.0018576887669041753,15.7,-2.063972401948533,False,-0.5882321345553319
bear_2022,2022-03-01,4306.259765625,BUY,28.5,0.95,sentiment_neutral,False,2.749204635620117,0.7319415102696464,high,0.19371584057807922,26.8,-1.0913241094817394,False,-0.31102737120229573
bear_2022,2022-03-04,4328.8701171875,HOLD,0.0,0.5,conflicting,True,2.058136463165283,0.56727702718731,high,-0.44224146008491516,23.3,-1.5462406892845948,False,-0.0
bear_2022,2022-03-09,4277.8798828125,HOLD,0.0,0.5,conflicting,True,1.513206958770752,0.35397014191091397,high,-0.5042190551757812,12.3,4.2390566904108695,True,0.0
bear_2022,2022-03-14,4173.10986328125,HOLD,0.0,0.5,conflicting,True,1.4031291007995605,0.35310630166802476,high,-0.539010763168335,9.6,6.56438853004051,True,0.0
bear_2022,2022-03-17,4411.669921875,BUY,23.0,0.767,sentiment_neutral,False,1.0728955268859863,0.24353121646974507,high,0.19160188734531403,18.7,3.6467072865063344,True,0.8387426758964569
bear_2022,2022-03-22,4511.60986328125,BUY,19.7,0.656,sentiment_neutral,False,0.7534027099609375,0.17886760940551336,high,0.011048093438148499,26.3,0.4158433628823843,True,0.08192114248782971
bear_2022,2022-03-25,4543.06005859375,BUY,20.6,0.685,sentiment_neutral,False,0.7687807083129883,0.19571054442094568,high,-0.07192385196685791,24.7,-0.39566846849456994,False,-0.08150770450988142
bear_2022,2022-03-30,4602.4501953125,HOLD,0.0,0.5,conflicting,True,0.48639774322509766,0.13026294805650535,high,-0.41293343901634216,15.5,-2.5119305843285034,False,-0.0
bear_2022,2022-04-04,4582.64013671875,BUY,28.5,0.95,sentiment_neutral,False,1.1975884437561035,0.3690383736960786,high,0.2137989103794098,35.3,-3.0137805956247377,False,-0.8589274697530501
bear_2022,2022-04-07,4500.2099609375,BUY,57.0,0.95,sentiment_neutral,False,1.733255386352539,0.5554364317100148,normal,0.11007686704397202,38.1,-0.8479903428327162,False,-0.4833544954146482
bear_2022,2022-04-12,4397.4501953125,BUY,57.0,0.95,sentiment_neutral,False,2.472960948944092,0.8351962912379594,normal,0.18051183223724365,63.0,-2.8994319972486693,False,-1.6526762384317413
bear_2022,2022-04-18,4391.68994140625,BUY,57.0,0.95,sentiment_neutral,False,2.957022190093994,1.113851411872656,normal,-0.11128318309783936,57.5,-4.845594834499423,False,-2.7619890556646705
bear_2022,2022-04-21,4393.66015625,BUY,57.0,0.95,sentiment_neutral,False,2.831697463989258,1.015140222534231,normal,-0.1791238635778427,35.0,-5.575877628693249,False,-3.1782502483551514
bear_2022,2022-04-26,4175.2001953125,BUY,28.5,0.95,sentiment_neutral,False,3.041064739227295,0.9053310339640396,high,-0.220892995595932,38.8,-0.6808447056492639,False,-0.1940407411100402
bear_2022,2022-04-29,4131.93017578125,HOLD,0.0,0.5,conflicting,True,2.6695728302001953,0.6492663845241052,high,-0.5421333909034729,28.5,-3.2187813830741874,False,-0.0
bear_2022,2022-05-04,4300.169921875,HOLD,0.0,0.5,conflicting,True,2.04315185546875,0.45112051876543874,high,-0.2640497386455536,15.5,-6.64054688901885,False,-0.0
bear_2022,2022-05-09,3991.239990234375,HOLD,0.0,0.5,conflicting,True,2.2303104400634766,0.43009636392773487,high,-0.43315303325653076,11.5,-1.7071985600040307,False,-0.0
bear_2022,2022-05-12,3930.080078125,HOLD,0.0,0.5,conflicting,True,1.9995808601379395,0.39141663347832495,high,-0.377057284116745,5.2,1.1050431456062881,True,0.0
bear_2022,2022-05-17,4088.85009765625,BUY,25.9,0.865,sentiment_neutral,False,1.6368627548217773,0.300905421452396,high,-0.15579162538051605,3.7,-0.7612946811450527,False,-0.19717532241656865
bear_2022,2022-05-20,3901.360107421875,HOLD,0.0,0.5,conflicting,True,1.9372940063476562,0.34171404670311567,high,-0.332267701625824,2.4,4.99616861261547,True,0.0
bear_2022,2022-05-25,3978.72998046875,BUY,28.5,0.95,sentiment_neutral,False,2.242136001586914,0.39717032677408076,high,0.2334429770708084,3.3,3.5237565181484243,True,1.004270607672301
bear_2022,2022-05-31,4132.14990234375,BUY,28.3,0.943,sentiment_neutral,False,1.859116554260254,0.34671488828498687,high,-0.1945779025554657,5.4,-2.8058345001982232,False,-0.7940511635560973
bear_2022,2022-06-03,4108.5400390625,BUY,28.5,0.95,sentiment_neutral,False,2.2413253784179688,0.4668523156222376,high,0.041903622448444366,6.8,-9.519142460749386,False,-2.7129556013135745
bear_2022,2022-06-08,4115.77001953125,BUY,28.5,0.95,sentiment_neutral,False,2.6764512062072754,0.6034571151180064,high,-0.06712202727794647,7.8,-11.331632344238862,False,-3.2295152181080753
bear_2022,2022-06-13,3749.6298828125,HOLD,0.0,0.5,conflicting,True,3.5095572471618652,0.6761483187647984,high,-0.4197513163089752,10.6,1.2219608375088953,True,0.0
bear_2022,2022-06-16,3666.77001953125,HOLD,0.0,0.5,conflicting,True,3.279566764831543,0.6684003864675045,high,-0.30101314187049866,12.2,4.1344941381948885,True,0.0
bear_2022,2022-06-22,3759.889892578125,HOLD,0.0,0.5,conflicting,True,1.88523530960083,0.3758261333987906,high,-0.2574048936367035,17.0,1.725508540572207,True,0.0
bear_2022,2022-06-27,3900.110107421875,BUY,20.8,0.692,sentiment_neutral,False,1.041269302368164,0.19987004724403518,high,-0.1537277102470398,12.9,0.06433670727936658,True,0.01338203511410825
bear_2022,2022-06-30,3785.3798828125,HOLD,0.0,0.5,conflicting,True,1.566171646118164,0.31011370583631864,high,-0.4770776331424713,7.7,0.8790002734683,True,0.0
bear_2022,2022-07-06,3845.080078125,BUY,22.3,0.743,sentiment_neutral,False,1.126110553741455,0.22987747819988735,high,0.06325393915176392,8.1,0.469104936083653,True,0.10461040074665462
bear_2022,2022-07-11,3854.429931640625,BUY,25.2,0.84,sentiment_neutral,False,1.3730645179748535,0.2864539677660062,high,-0.06360039860010147,15.4,2.699562933551114,True,0.6802898592548807
bear_2022,2022-07-14,3790.3798828125,BUY,57.0,0.95,sentiment_neutral,False,2.6906609535217285,0.7029593651008738,normal,-0.2397817224264145,22.2,4.5503583126583536,True,2.593704238215261
bear_2022,2022-07-19,3936.68994140625,BUY,57.0,0.95,sentiment_neutral,False,1.83943510055542,0.5038063389764535,normal,-0.19583608210086823,18.4,3.3899602281332264,True,1.9322773300359388
bear_2022,2022-07-22,3961.6298828125,BUY,57.0,0.95,sentiment_neutral,False,1.4543414115905762,0.41672504307356656,normal,0.11555828899145126,27.7,3.2180339802549085,True,1.8342793687452976
bear_2022,2022-07-27,4023.610107421875,BUY,57.0,0.95,sentiment_neutral,False,1.398766040802002,0.44036165225168034,normal,0.15942057967185974,37.3,2.976907545146723,True,1.696837300733632
bear_2022,2022-08-01,4118.6298828125,BUY,57.0,0.95,sentiment_neutral,False,1.1388182640075684,0.3569510724992962,normal,-0.13249249756336212,66.2,2.199915352507631,True,1.2539517509293496
bear_2022,2022-08-04,4151.93994140625,BUY,53.9,0.898,sentiment_neutral,False,1.0462760925292969,0.3204163128192086,normal,-0.22941923141479492,35.8,3.437403616896617,True,1.8527605495072768
bear_2022,2022-08-09,4122.47021484375,BUY,52.3,0.872,sentiment_neutral,False,0.9423971176147461,0.30483792990332903,normal,0.024495525285601616,42.1,3.837396411061711,True,2.006958322985275
bear_2022,2022-08-12,4280.14990234375,BUY,45.7,0.762,sentiment_neutral,False,0.7607817649841309,0.24076784502443574,normal,0.24163785576820374,52.0,-3.6018183993052233,False,-1.6460310084824872
bear_2022,2022-08-17,4274.0400390625,BUY,57.0,0.95,sentiment_neutral,False,1.074540615081787,0.3801966898733211,normal,-0.2140318602323532,56.2,-5.1953093789794735,False,-2.9613263460182995
bear_2022,2022-08-22,4137.990234375,BUY,57.0,0.95,sentiment_neutral,False,1.6367435455322266,0.50724566736004,normal,-0.21784892678260803,29.7,-4.522961811424153,False,-2.5780882325117673
bear_2022,2022-08-25,4199.1201171875,BUY,57.0,0.95,sentiment_neutral,False,1.3945817947387695,0.4977466993447794,normal,0.22885538637638092,22.7,-7.180067120905953,False,-4.092638258916393
bear_2022,2022-08-30,3986.159912109375,BUY,57.0,0.95,sentiment_neutral,False,1.97373628616333,0.5717885826707143,normal,0.0458928681910038,19.7,2.016582732524519,True,1.1494521575389758
bear_2022,2022-09-02,3924.260009765625,BUY,57.0,0.95,sentiment_neutral,False,2.1859049797058105,0.6509181847050755,normal,-0.10783226788043976,16.9,0.5527143367794807,True,0.315047171964304
bear_2022,2022-09-08,4006.179931640625,BUY,57.0,0.95,sentiment_neutral,False,2.2579073905944824,0.677505757393217,normal,0.015495367348194122,17.7,-2.688983170702919,False,-1.5327204073006635
bear_2022,2022-09-13,3932.68994140625,HOLD,0.0,0.5,conflicting,True,2.7949929237365723,0.6696589167150261,normal,-0.619539201259613,13.3,-4.543941780582372,False,-0.0
bear_2022,2022-09-16,3873.330078125,HOLD,0.0,0.5,conflicting,True,2.612030506134033,0.624693173087745,normal,-0.29347875714302063,10.2,-6.013018555329097,False,-0.0
bear_2022,2022-09-21,3789.929931640625,BUY,57.0,0.95,sentiment_neutral,False,2.650320529937744,0.6357086852668355,normal,0.006985098123550415,17.2,-5.541609663104374,False,-3.158717507969493
bear_2022,2022-09-26,3655.0400390625,BUY,57.0,0.95,sentiment_neutral,False,3.0933618545532227,0.8445337008320745,normal,-0.008789637126028538,13.7,3.4484318245812773,True,1.9656061400113278
bear_2022,2022-09-29,3640.469970703125,HOLD,0.0,0.5,conflicting,True,2.5901317596435547,0.6393427266295273,normal,-0.4055466055870056,8.8,-0.774321273394385,False,-0.0
bear_2022,2022-10-04,3790.929931640625,BUY,28.5,0.95,sentiment_neutral,False,1.8888235092163086,0.38896572489077536,high,-0.13953246176242828,10.5,-3.244423889032255,False,-0.9246608083741926
bear_2022,2022-10-07,3639.659912109375,BUY,28.5,0.95,sentiment_neutral,False,3.0181527137756348,0.6344151817381525,high,-0.10006260126829147,9.6,2.1828040131609328,True,0.6220991437508658
bear_2022,2022-10-12,3577.030029296875,BUY,57.0,0.95,sentiment_neutral,False,3.504502773284912,0.8791719087937536,normal,-0.16077812016010284,13.4,4.795604920974839,True,2.7334948049556576
bear_2022,2022-10-17,3677.949951171875,BUY,28.5,0.95,sentiment_neutral,False,3.169858455657959,0.6575143961600269,high,-0.052880529314279556,18.2,4.066595591108069,True,1.1589797434657996
bear_2022,2022-10-20,3665.780029296875,BUY,28.5,0.95,sentiment_neutral,False,3.407156467437744,0.7135415410728948,high,0.11143473535776138,22.7,5.47248543697787,True,1.5596583495386926
bear_2022,2022-10-25,3859.110107421875,BUY,28.5,0.95,aligned,False,1.9081830978393555,0.38710912310589013,high,0.330440878868103,34.5,-3.67425457014523,False,-1.0471625524913906
bear_2022,2022-10-28,3901.06005859375,BUY,43.9,0.732,sentiment_neutral,False,1.0509967803955078,0.22321902213883296,normal,0.08350227773189545,40.1,-1.8877089226451815,False,-0.8287042170412346
bear_2022,2022-11-02,3759.68994140625,BUY,57.0,0.95,sentiment_neutral,False,2.166414260864258,0.4803943439298898,normal,0.04389264062047005,45.2,6.018878851899068,True,3.430760945582468
bear_2022,2022-11-07,3806.800048828125,HOLD,0.0,0.5,conflicting,True,1.822662353515625,0.43328685869084554,normal,-0.30349355936050415,33.9,3.914947884390152,True,0.0
bear_2022,2022-11-10,3956.3701171875,HOLD,0.0,0.5,sentiment_neutral,False,0.6745457649230957,0.1298025893946575,high,0.033275455236434937,41.1,-0.16265937337003322,False,-0.0
bear_2022,2022-11-15,3991.72998046875,HOLD,0.0,0.5,sentiment_neutral,False,0.3664970397949219,0.076567473043683,normal,0.1959846168756485,45.3,0.8578446141143559,True,0.0
bear_2022,2022-11-18,3965.340087890625,HOLD,0.0,0.5,sentiment_neutral,False,0.8020877838134766,0.17414618424977832,normal,0.10063710808753967,47.6,2.853235127469489,True,0.0
bear_2022,2022-11-23,4027.260009765625,BUY,47.4,0.791,sentiment_neutral,False,1.1658787727355957,0.2575644606300468,normal,-0.051196612417697906,55.3,-0.7081905360935892,False,-0.33568231410836125
bear_2022,2022-11-29,3957.6298828125,BUY,57.0,0.95,sentiment_neutral,False,1.9085884094238281,0.43510407142393215,normal,-0.23790515959262848,53.5,0.14846671345196683,True,0.08462602666762108
bear_2022,2022-12-02,4071.699951171875,HOLD,0.0,0.5,conflicting,True,1.4882445335388184,0.34681291766443234,normal,-0.5958635210990906,36.8,-1.2865780802512106,False,-0.0
bear_2022,2022-12-07,3933.919921875,HOLD,0.0,0.5,conflicting,True,1.5126824378967285,0.33292408367210924,normal,-0.40368884801864624,26.9,-2.0950388966845424,False,-0.0
bear_2022,2022-12-12,3990.56005859375,BUY,57.0,0.95,sentiment_neutral,False,1.3878226280212402,0.45584136451551754,low,0.14286327362060547,26.3,-2.8498590790375644,False,-1.6244196750514115
bear_2022,2022-12-15,3895.75,HOLD,0.0,0.5,conflicting,True,1.9737958908081055,0.5931991688270344,normal,-0.28778332471847534,19.8,-1.7217253781060649,False,-0.0
bear_2022,2022-12-20,3821.6201171875,BUY,57.0,0.95,sentiment_neutral,False,2.3912906646728516,0.7047964498889691,normal,0.14070366322994232,13.7,0.46677026340997685,True,0.2660590501436868
bull_2023,2023-04-03,4124.509765625,BUY,45.1,0.752,sentiment_neutral,False,0.7195830345153809,0.23498662073583482,normal,-0.12703152000904083,26.8,0.5249959588915942,True,0.236773177460109
bull_2023,2023-04-06,4105.02001953125,HOLD,0.0,0.5,sentiment_neutral,False,0.3735542297363281,0.14047716596743412,low,-0.1632954627275467,25.0,1.2070548659899316,True,0.0
bull_2023,2023-04-12,4091.949951171875,HOLD,0.0,0.5,sentiment_neutral,False,0.1893758773803711,0.08135182661932319,low,-0.060274552553892136,33.0,1.0107731820383492,True,0.0
bull_2023,2023-04-17,4151.31982421875,HOLD,0.0,0.5,sentiment_neutral,False,0.10454654693603516,0.051737917016314805,low,0.057286325842142105,37.0,-2.3231515219134025,False,-0.0
bull_2023,2023-04-20,4129.7900390625,HOLD,0.0,0.5,conflicting,True,0.182342529296875,0.1152950880921132,low,-0.3173917233943939,32.4,0.9178574381081717,True,0.0
bull_2023,2023-04-25,4071.6298828125,HOLD,0.0,0.5,sentiment_neutral,False,0.11919736862182617,0.06278857919318027,low,0.0,25.5,-0.25599680264427604,False,-0.0
bull_2023,2023-04-28,4169.47998046875,HOLD,0.0,0.5,sentiment_neutral,False,0.14586448669433594,0.06975424091940537,low,0.0,25.5,-1.2139655321336207,False,-0.0
bull_2023,2023-05-03,4090.75,HOLD,0.0,0.5,conflicting,True,0.5005121231079102,0.24203847007428306,low,-0.3355500400066376,27.0,0.8114656225409078,True,0.0
bull_2023,2023-05-08,4138.1201171875,BUY,39.5,0.658,sentiment_neutral,False,0.4264354705810547,0.17982788904302727,low,0.04231662303209305,32.6,0.4977755434179443,True,0.196621339650088
bull_2023,2023-05-11,4130.6201171875,HOLD,0.0,0.5,sentiment_neutral,False,0.3185391426086426,0.14120406101929225,low,-0.22561554610729218,30.5,1.4900648893885204,True,0.0
bull_2023,2023-05-16,4109.89990234375,HOLD,0.0,0.5,sentiment_neutral,False,0.3245234489440918,0.1422670130238846,low,0.0852326974272728,31.1,1.0017995117348022,True,0.0
bull_2023,2023-05-19,4191.97998046875,BUY,39.2,0.653,sentiment_neutral,False,0.43015480041503906,0.17705321656287507,low,-0.026597660034894943,39.3,-0.2902576811683488,False,-0.11378101101799275
bull_2023,2023-05-24,4115.240234375,BUY,42.9,0.715,sentiment_neutral,False,0.5034446716308594,0.2132155666926901,low,-0.17467911541461945,31.3,3.7803817940407214,True,1.6217837896434695
bull_2023,2023-05-30,4205.52001953125,BUY,42.1,0.701,sentiment_neutral,False,0.45294761657714844,0.20534089106425765,low,0.13648122549057007,30.2,2.0804485714043253,True,0.875868848561221
bull_2023,2023-06-02,4282.3701171875,BUY,39.5,0.659,sentiment_neutral,False,0.39331912994384766,0.1805248685963681,low,0.058353763073682785,36.3,2.002976315501037,True,0.7911756446229097
bull_2023,2023-06-07,4267.52001953125,HOLD,0.0,0.5,conflicting,True,0.27457475662231445,0.14066548467014647,low,-0.382976233959198,32.7,3.274881234420235,True,0.0
bull_2023,2023-06-12,4338.93017578125,HOLD,0.0,0.5,sentiment_neutral,False,0.3437519073486328,0.1733052091840735,low,0.06221300736069679,42.5,0.9852354917047279,True,0.0
bull_2023,2023-06-15,4425.83984375,BUY,40.2,0.671,sentiment_neutral,False,0.3610849380493164,0.18731063550812618,low,0.15384028851985931,39.0,-1.0774375178030482,False,-0.4331298821568254
bull_2023,2023-06-21,4365.68994140625,HOLD,0.0,0.5,sentiment_neutral,False,0.3125309944152832,0.1556876354993846,low,-0.06701306998729706,32.6,1.9213220479867843,True,0.0
bull_2023,2023-06-26,4328.81982421875,HOLD,0.0,0.5,conflicting,True,0.29925107955932617,0.16222591388632843,low,-0.2980916500091553,33.5,1.8940186331333209,True,0.0
bull_2023,2023-06-29,4396.43994140625,BUY,39.9,0.665,sentiment_neutral,False,0.3218650817871094,0.18430257724998633,low,0.10115274041891098,40.0,0.9692533894199329,True,0.3867321023785532
bull_2023,2023-07-05,4446.81982421875,BUY,49.1,0.819,sentiment_neutral,False,0.44708251953125,0.27407515625669093,low,-0.13181783258914948,54.2,1.3091904665362364,True,0.642812519069292
bull_2023,2023-07-10,4409.52978515625,BUY,52.9,0.882,sentiment_neutral,False,0.528264045715332,0.31066626221437627,low,0.05780415236949921,54.2,3.480821136944634,True,1.8413543814437114
bull_2023,2023-07-13,4510.0400390625,BUY,57.0,0.95,aligned,False,0.485384464263916,0.2817907872775975,low,0.4576287269592285,63.9,0.9840492261405487,True,0.5609080589001127
bull_2023,2023-07-18,4554.97998046875,BUY,57.0,0.95,sentiment_neutral,False,0.5686283111572266,0.35192656740649414,low,0.21307426691055298,72.1,-0.38647365155703994,False,-0.22028998138751274
bull_2023,2023-07-21,4536.33984375,BUY,51.3,0.855,sentiment_neutral,False,0.46972036361694336,0.29483262441440616,low,-0.22560091316699982,69.6,0.8864279978160639,True,0.4547375628796408
bull_2023,2023-07-26,4566.75,BUY,41.2,0.686,sentiment_neutral,False,0.26012659072875977,0.19657423061255844,low,-0.06402433663606644,73.4,-1.9618622578443379,False,-0.8082872502318673
bull_2023,2023-07-31,4588.9599609375,BUY,48.7,0.811,aligned,False,0.24374723434448242,0.18168401704154508,low,0.29295268654823303,70.7,-2.6777446007496764,False,-1.3040616205650926
bull_2023,2023-08-03,4501.89013671875,HOLD,0.0,0.5,conflicting,True,0.3317117691040039,0.21363923331199378,low,-0.4938960075378418,50.6,-0.27069521099161165,False,-0.0
bull_2023,2023-08-08,4499.3798828125,HOLD,0.0,0.5,sentiment_neutral,False,0.24684667587280273,0.15016050815084855,low,-0.24759791791439056,39.5,-2.909422916702553,False,-0.0
bull_2023,2023-08-11,4464.0498046875,HOLD,0.0,0.5,conflicting,True,0.22699832916259766,0.14527749697402345,low,-0.3419950306415558,19.8,-1.728544175753477,False,-0.0
bull_2023,2023-08-16,4404.330078125,BUY,44.1,0.735,sentiment_neutral,False,0.376129150390625,0.2252391961612404,low,-0.22466087341308594,13.7,0.03132523388469366,True,0.013814428143149904
bull_2023,2023-08-21,4399.77001953125,BUY,51.4,0.856,sentiment_neutral,False,0.5095481872558594,0.2956011834469749,low,-0.07102328538894653,12.0,2.5824148227979293,True,1.3273612189181356
bull_2023,2023-08-24,4376.31005859375,HOLD,0.0,0.5,conflicting,True,0.5323529243469238,0.2689393001071812,normal,-0.2794153094291687,9.1,2.716680451753817,True,0.0
bull_2023,2023-08-29,4497.6298828125,BUY,46.2,0.77,sentiment_neutral,False,0.5366086959838867,0.24528280641800954,normal,0.02663920819759369,8.4,-0.8964685393918259,False,-0.4141684651990236
bull_2023,2023-09-01,4515.77001953125,BUY,47.3,0.789,sentiment_neutral,False,0.5169987678527832,0.25655726410016094,normal,-0.1894383430480957,23.4,-1.076019477362422,False,-0.5089572127924257
bull_2023,2023-09-07,4451.14013671875,HOLD,0.0,0.5,conflicting,True,0.32546520233154297,0.1667902272343929,normal,-0.4206487536430359,20.8,0.053671804027111136,True,0.0
bull_2023,2023-09-12,4461.89990234375,HOLD,0.0,0.5,sentiment_neutral,False,0.15769004821777344,0.07913520909346247,normal,-0.21046026051044464,15.0,-3.0007120383430674,False,-0.0
bull_2023,2023-09-15,4450.31982421875,HOLD,0.0,0.5,sentiment_neutral,False,0.22333860397338867,0.11451111928492973,normal,-0.06727146357297897,23.9,-4.0535830873356105,False,-0.0
bull_2023,2023-09-20,4402.2001953125,HOLD,0.0,0.5,sentiment_neutral,False,0.2786397933959961,0.13918161958696554,normal,0.06826552003622055,24.9,-2.6272421732700835,False,-0.0
bull_2023,2023-09-25,4337.43994140625,HOLD,0.0,0.5,sentiment_neutral,False,0.3080129623413086,0.15873177654781878,normal,0.0033920302521437407,15.4,-1.7135244064725441,False,-0.0
bull_2023,2023-09-28,4299.7001953125,HOLD,0.0,0.5,conflicting,True,0.22472143173217773,0.1228100066040789,low,-0.26175594329833984,5.4,0.8328585568596836,True,0.0
bull_2023,2023-10-03,4229.4501953125,HOLD,0.0,0.5,conflicting,True,0.7346153259277344,0.3797750929930665,normal,-0.35737431049346924,5.1,2.8014147333607298,True,0.0
bull_2023,2023-10-06,4308.5,BUY,45.6,0.761,sentiment_neutral,False,0.5228757858276367,0.23991225626728682,normal,-0.09044922888278961,6.5,1.4905235541739614,True,0.6796787407033265
bull_2023,2023-10-11,4376.9501953125,HOLD,0.0,0.5,sentiment_neutral,False,0.21958351135253906,0.09912758911654307,normal,-0.04808153584599495,6.2,-3.5531717953094955,False,-0.0
bull_2023,2023-10-16,4373.6298828125,HOLD,0.0,0.5,sentiment_neutral,False,0.26673078536987305,0.12228370779139583,normal,0.08091616630554199,7.3,-4.36637428578539,False,-0.0
bull_2023,2023-10-19,4278.0,HOLD,0.0,0.5,sentiment_neutral,False,0.3610372543334961,0.172581963572816,normal,-0.1376837193965912,9.2,-2.6332497883119643,False,-0.0
bull_2023,2023-10-24,4247.68017578125,HOLD,0.0,0.5,sentiment_neutral,False,0.3338932991027832,0.16101100762286588,normal,-0.23272021114826202,6.6,1.636833860480813,True,0.0
bull_2023,2023-10-27,4117.3701171875,HOLD,0.0,0.5,conflicting,True,0.33000707626342773,0.1443768320380601,normal,-0.5332947373390198,3.6,6.14641277166168,True,0.0
bull_2023,2023-11-01,4237.85986328125,HOLD,0.0,0.5,sentiment_neutral,False,0.33789873123168945,0.14207175662292132,normal,-0.16824665665626526,3.4,4.1003853208573915,True,0.0
bull_2023,2023-11-06,4365.97998046875,HOLD,0.0,0.5,sentiment_neutral,False,0.30165910720825195,0.117297736238114,normal,-0.05298168212175369,6.1,3.08744932468894,True,0.0
bull_2023,2023-11-09,4347.35009765625,HOLD,0.0,0.5,sentiment_neutral,False,0.3917574882507324,0.15264027231592237,normal,-0.17096710205078125,8.2,4.49847306395128,True,0.0
bull_2023,2023-11-14,4495.7001953125,HOLD,0.0,0.5,sentiment_neutral,False,0.4420280456542969,0.15486683492280162,normal,0.03990088030695915,11.0,1.4056414107734838,True,0.0
bull_2023,2023-11-17,4514.02001953125,BUY,39.4,0.657,sentiment_neutral,False,0.43834447860717773,0.1794365639908402,normal,-0.048946671187877655,26.0,0.8066601162045828,True,0.3178240857846056
bull_2023,2023-11-22,4556.6201171875,BUY,42.4,0.706,sentiment_neutral,False,0.45425891876220703,0.20815965489375246,normal,0.2111857384443283,44.9,0.28838703607085847,True,0.122276103294044
bull_2023,2023-11-28,4554.89013671875,HOLD,0.0,0.5,conflicting,True,0.26074647903442383,0.13921318751904485,normal,-0.29031410813331604,58.1,0.6717332685855837,True,0.0
bull_2023,2023-12-01,4594.6298828125,HOLD,0.0,0.5,sentiment_neutral,False,0.22814273834228516,0.14154955372661424,low,0.03867010027170181,66.2,1.062329957209407,True,0.0
bull_2023,2023-12-06,4549.33984375,HOLD,0.0,0.5,sentiment_neutral,False,0.251007080078125,0.14889502427548207,low,-0.05972137674689293,53.6,3.6655029134525563,True,0.0
bull_2023,2023-12-11,4622.43994140625,BUY,44.0,0.733,sentiment_neutral,False,0.3119349479675293,0.22373698760501604,low,0.2196967601776123,60.4,1.6288712504332281,True,0.7167033501906204
bull_2023,2023-12-14,4719.5498046875,BUY,54.4,0.907,sentiment_neutral,False,0.38187503814697266,0.3253547646285356,low,0.1116003692150116,69.5,1.1628201855476306,True,0.6325741809379111
bull_2023,2023-12-19,4768.3701171875,BUY,57.0,0.95,sentiment_neutral,False,0.4595160484313965,0.39404039541565383,low,0.15549510717391968,76.7,0.03061292317205755,True,0.017449366208072803
bull_2023,2023-12-22,4754.6298828125,BUY,47.6,0.794,sentiment_neutral,False,0.4162907600402832,0.25931377774755193,low,-0.1286628693342209,62.6,-1.3967725053243285,False,-0.6648637125343804
bull_2023,2023-12-28,4783.35009765625,BUY,57.0,0.95,aligned,False,0.4275798797607422,0.27066580767818393,low,0.2913609743118286,87.3,-0.5629054603502937,False,-0.3208561123996674
bull_2023,2024-01-03,4704.81005859375,HOLD,0.0,0.5,conflicting,True,0.5184292793273926,0.30456821374908943,normal,-0.25564122200012207,78.4,1.665609512672006,True,0.0
bull_2023,2024-01-08,4763.5400390625,BUY,57.0,0.95,aligned,False,0.5073904991149902,0.2803146706693468,normal,0.26462942361831665,85.8,0.3646070117028444,True,0.20782599667062127
bull_2023,2024-01-11,4780.240234375,BUY,44.0,0.733,sentiment_neutral,False,0.4076242446899414,0.22370046260836254,normal,-0.1682870090007782,67.1,1.749370891635671,True,0.7697231923196952
bull_2023,2024-01-17,4739.2099609375,BUY,43.1,0.718,sentiment_neutral,False,0.3688693046569824,0.2151586063083,normal,-0.11691691726446152,47.9,3.1520244842557332,True,1.358522552714221
bull_2023,2024-01-22,4850.43017578125,BUY,52.9,0.882,aligned,False,0.3596305847167969,0.22300292067277272,low,0.3306981325149536,63.4,-0.0986021935931447,False,-0.05216056041077355
bull_2023,2024-01-25,4894.16015625,BUY,51.7,0.862,sentiment_neutral,False,0.45866966247558594,0.2993538114526436,low,0.09685195237398148,68.8,0.9891317739505467,True,0.5113811271324327
bull_2023,2024-01-30,4924.97021484375,BUY,43.9,0.731,sentiment_neutral,False,0.3483295440673828,0.2227459191512811,low,-0.11169398576021194,47.5,1.4701629452513743,True,0.6454015329653533
bull_2023,2024-02-02,4958.60986328125,HOLD,0.0,0.5,sentiment_neutral,False,0.26744604110717773,0.14073023299834048,normal,0.1848292350769043,56.4,-0.10976720771385118,False,-0.0
bull_2023,2024-02-07,4995.06005859375,HOLD,0.0,0.5,sentiment_neutral,False,0.2319812774658203,0.12753067161557138,normal,-0.009738193824887276,60.7,0.21018215086847647,True,0.0
bull_2023,2024-02-12,5021.83984375,BUY,40.1,0.668,sentiment_neutral,False,0.33854246139526367,0.18580825121442324,normal,0.05215147137641907,76.5,1.2897751678140779,True,0.5171998422934453
bull_2023,2024-02-15,5029.72998046875,HOLD,0.0,0.5,sentiment_neutral,False,0.3253340721130371,0.16295576237470744,normal,-0.05932721868157387,78.6,0.9586663440282805,True,0.0
bull_2023,2024-02-21,4981.7998046875,HOLD,0.0,0.5,sentiment_neutral,False,0.3063797950744629,0.15358205547085177,normal,0.05437026917934418,65.2,3.0693607555033253,True,0.0
